label,precision,recall,f1,support
0,0.95,0.9047619047619048,0.926829268292683,21
1,0.9333333333333333,0.875,0.9032258064516129,16
2,0.7,0.875,0.7777777777777778,8
macro_avg,0.861111111111111,0.8849206349206349,0.8692776175073579,45
micro_avg,,,,90
