label,precision,recall,f1,support
0,0.8636363636363636,0.9047619047619048,0.8837209302325582,21
1,0.9285714285714286,0.9285714285714286,0.9285714285714286,28
2,0.8571428571428571,0.6666666666666666,0.75,9
3,0.0,0.0,0.0,0
macro_avg,0.6623376623376623,0.625,0.6405730897009967,58
micro_avg,,,,116
