label,precision,recall,f1,support
0,0.84,1.0,0.9130434782608695,21
1,0.9285714285714286,0.8125,0.8666666666666667,16
2,0.8333333333333334,0.625,0.7142857142857143,8
macro_avg,0.8673015873015874,0.8125,0.8313319530710835,45
micro_avg,,,,90
