label,precision,recall,f1,support
0,0.84,1.0,0.9130434782608695,21
1,0.9615384615384616,0.8928571428571429,0.9259259259259259,28
2,0.7142857142857143,0.5555555555555556,0.625,9
macro_avg,0.8386080586080586,0.8161375661375662,0.8213231347289319,58
micro_avg,,,,116
