r2,mae,rmse,model_name
-5.4432669654402766,90.33333333333333,,Decision Tree
