model,score
Random Forest,0.9999737163916269
Gradient Boosting,0.019459954764204
Decision Tree,0.9999737163916269
Logistic Regression,0.4638258897021043
XGBoost,0.9828774129680096
CatBoost,0.9999475314766448
