Model,Score
Random Forest,0.8
Decision Tree,0.8444444444444444
Logistic Regression,0.7777777777777778
XGBoost,0.8666666666666667
CatBoost,0.8
