Model,Score
Random Forest,0.8103448275862069
Decision Tree,0.8793103448275862
Logistic Regression,0.8103448275862069
XGBoost,0.8793103448275862
CatBoost,0.8793103448275862
